ZPID,Listing URL,Listing URL 0,Listing URL 1,Listing URL 2
2075615600,https://www.zillow.com/homedetails/651-Minna-St-San-Francisco-CA-94103/2075615600_zpid/,"https://www.zillow.com/homedetails/651-Minna-St-San-Francisco-CA-94103/2075615600_zpid/?mmlb=g,0","https://www.zillow.com/homedetails/651-Minna-St-San-Francisco-CA-94103/2075615600_zpid/?mmlb=g,1","https://www.zillow.com/homedetails/651-Minna-St-San-Francisco-CA-94103/2075615600_zpid/?mmlb=g,2"
2072037431,https://www.zillow.com/homedetails/85-Woodward-St-San-Francisco-CA-94103/2072037431_zpid/,"https://www.zillow.com/homedetails/85-Woodward-St-San-Francisco-CA-94103/2072037431_zpid/?mmlb=g,0","https://www.zillow.com/homedetails/85-Woodward-St-San-Francisco-CA-94103/2072037431_zpid/?mmlb=g,1","https://www.zillow.com/homedetails/85-Woodward-St-San-Francisco-CA-94103/2072037431_zpid/?mmlb=g,2"
67395850,https://www.zillow.com/homedetails/68-Harriet-St-UNIT-3-San-Francisco-CA-94103/67395850_zpid/,"https://www.zillow.com/homedetails/68-Harriet-St-UNIT-3-San-Francisco-CA-94103/67395850_zpid/?mmlb=g,0","https://www.zillow.com/homedetails/68-Harriet-St-UNIT-3-San-Francisco-CA-94103/67395850_zpid/?mmlb=g,1","https://www.zillow.com/homedetails/68-Harriet-St-UNIT-3-San-Francisco-CA-94103/67395850_zpid/?mmlb=g,2"
63197299,https://www.zillow.com/homedetails/765-Market-St-APT-24F-San-Francisco-CA-94103/63197299_zpid/,"https://www.zillow.com/homedetails/765-Market-St-APT-24F-San-Francisco-CA-94103/63197299_zpid/?mmlb=g,0","https://www.zillow.com/homedetails/765-Market-St-APT-24F-San-Francisco-CA-94103/63197299_zpid/?mmlb=g,1","https://www.zillow.com/homedetails/765-Market-St-APT-24F-San-Francisco-CA-94103/63197299_zpid/?mmlb=g,2"
2057008465,https://www.zillow.com/homedetails/1288-Howard-St-324-San-Francisco-CA-94103/2057008465_zpid/,"https://www.zillow.com/homedetails/1288-Howard-St-324-San-Francisco-CA-94103/2057008465_zpid/?mmlb=g,0","https://www.zillow.com/homedetails/1288-Howard-St-324-San-Francisco-CA-94103/2057008465_zpid/?mmlb=g,1","https://www.zillow.com/homedetails/1288-Howard-St-324-San-Francisco-CA-94103/2057008465_zpid/?mmlb=g,2"
332860260,https://www.zillow.com/homedetails/663-665-Natoma-St-San-Francisco-CA-94103/332860260_zpid/,"https://www.zillow.com/homedetails/663-665-Natoma-St-San-Francisco-CA-94103/332860260_zpid/?mmlb=g,0","https://www.zillow.com/homedetails/663-665-Natoma-St-San-Francisco-CA-94103/332860260_zpid/?mmlb=g,1","https://www.zillow.com/homedetails/663-665-Natoma-St-San-Francisco-CA-94103/332860260_zpid/?mmlb=g,2"
2057104591,https://www.zillow.com/homedetails/74-84-Spencer-St-San-Francisco-CA-94103/2057104591_zpid/,"https://www.zillow.com/homedetails/74-84-Spencer-St-San-Francisco-CA-94103/2057104591_zpid/?mmlb=g,0","https://www.zillow.com/homedetails/74-84-Spencer-St-San-Francisco-CA-94103/2057104591_zpid/?mmlb=g,1","https://www.zillow.com/homedetails/74-84-Spencer-St-San-Francisco-CA-94103/2057104591_zpid/?mmlb=g,2"
2070243478,https://www.zillow.com/homedetails/64-68-6th-St-San-Francisco-CA-94103/2070243478_zpid/,"https://www.zillow.com/homedetails/64-68-6th-St-San-Francisco-CA-94103/2070243478_zpid/?mmlb=g,0","https://www.zillow.com/homedetails/64-68-6th-St-San-Francisco-CA-94103/2070243478_zpid/?mmlb=g,1","https://www.zillow.com/homedetails/64-68-6th-St-San-Francisco-CA-94103/2070243478_zpid/?mmlb=g,2"
15143299,https://www.zillow.com/homedetails/1839-15th-St-APT-461-San-Francisco-CA-94103/15143299_zpid/,"https://www.zillow.com/homedetails/1839-15th-St-APT-461-San-Francisco-CA-94103/15143299_zpid/?mmlb=g,0","https://www.zillow.com/homedetails/1839-15th-St-APT-461-San-Francisco-CA-94103/15143299_zpid/?mmlb=g,1","https://www.zillow.com/homedetails/1839-15th-St-APT-461-San-Francisco-CA-94103/15143299_zpid/?mmlb=g,2"
303806745,https://www.zillow.com/homedetails/1075-Market-St-UNIT-711-San-Francisco-CA-94103/303806745_zpid/,"https://www.zillow.com/homedetails/1075-Market-St-UNIT-711-San-Francisco-CA-94103/303806745_zpid/?mmlb=g,0","https://www.zillow.com/homedetails/1075-Market-St-UNIT-711-San-Francisco-CA-94103/303806745_zpid/?mmlb=g,1","https://www.zillow.com/homedetails/1075-Market-St-UNIT-711-San-Francisco-CA-94103/303806745_zpid/?mmlb=g,2"
303806656,https://www.zillow.com/homedetails/1075-Market-St-306-San-Francisco-CA-94103/303806656_zpid/,"https://www.zillow.com/homedetails/1075-Market-St-306-San-Francisco-CA-94103/303806656_zpid/?mmlb=g,0","https://www.zillow.com/homedetails/1075-Market-St-306-San-Francisco-CA-94103/303806656_zpid/?mmlb=g,1","https://www.zillow.com/homedetails/1075-Market-St-306-San-Francisco-CA-94103/303806656_zpid/?mmlb=g,2"
2146933844,https://www.zillow.com/homedetails/301-Rhode-Island-St-B16-San-Francisco-CA-94103/2146933844_zpid/,"https://www.zillow.com/homedetails/301-Rhode-Island-St-B16-San-Francisco-CA-94103/2146933844_zpid/?mmlb=g,0","https://www.zillow.com/homedetails/301-Rhode-Island-St-B16-San-Francisco-CA-94103/2146933844_zpid/?mmlb=g,1","https://www.zillow.com/homedetails/301-Rhode-Island-St-B16-San-Francisco-CA-94103/2146933844_zpid/?mmlb=g,2"
241586404,https://www.zillow.com/homedetails/338-Potrero-Ave-UNIT-807-San-Francisco-CA-94103/241586404_zpid/,"https://www.zillow.com/homedetails/338-Potrero-Ave-UNIT-807-San-Francisco-CA-94103/241586404_zpid/?mmlb=g,0","https://www.zillow.com/homedetails/338-Potrero-Ave-UNIT-807-San-Francisco-CA-94103/241586404_zpid/?mmlb=g,1","https://www.zillow.com/homedetails/338-Potrero-Ave-UNIT-807-San-Francisco-CA-94103/241586404_zpid/?mmlb=g,2"
64969426,https://www.zillow.com/homedetails/140-S-Van-Ness-Ave-UNIT-426-San-Francisco-CA-94103/64969426_zpid/,"https://www.zillow.com/homedetails/140-S-Van-Ness-Ave-UNIT-426-San-Francisco-CA-94103/64969426_zpid/?mmlb=g,0","https://www.zillow.com/homedetails/140-S-Van-Ness-Ave-UNIT-426-San-Francisco-CA-94103/64969426_zpid/?mmlb=g,1","https://www.zillow.com/homedetails/140-S-Van-Ness-Ave-UNIT-426-San-Francisco-CA-94103/64969426_zpid/?mmlb=g,2"
2061309390,https://www.zillow.com/homedetails/100-Duboce-Ave-G4-San-Francisco-CA-94103/2061309390_zpid/,"https://www.zillow.com/homedetails/100-Duboce-Ave-G4-San-Francisco-CA-94103/2061309390_zpid/?mmlb=g,0","https://www.zillow.com/homedetails/100-Duboce-Ave-G4-San-Francisco-CA-94103/2061309390_zpid/?mmlb=g,1","https://www.zillow.com/homedetails/100-Duboce-Ave-G4-San-Francisco-CA-94103/2061309390_zpid/?mmlb=g,2"
89237599,https://www.zillow.com/homedetails/6-Mint-Plz-APT-301A-San-Francisco-CA-94103/89237599_zpid/,"https://www.zillow.com/homedetails/6-Mint-Plz-APT-301A-San-Francisco-CA-94103/89237599_zpid/?mmlb=g,0","https://www.zillow.com/homedetails/6-Mint-Plz-APT-301A-San-Francisco-CA-94103/89237599_zpid/?mmlb=g,1","https://www.zillow.com/homedetails/6-Mint-Plz-APT-301A-San-Francisco-CA-94103/89237599_zpid/?mmlb=g,2"
2068567324,https://www.zillow.com/homedetails/452-454-Clementina-St-San-Francisco-CA-94103/2068567324_zpid/,"https://www.zillow.com/homedetails/452-454-Clementina-St-San-Francisco-CA-94103/2068567324_zpid/?mmlb=g,0","https://www.zillow.com/homedetails/452-454-Clementina-St-San-Francisco-CA-94103/2068567324_zpid/?mmlb=g,1","https://www.zillow.com/homedetails/452-454-Clementina-St-San-Francisco-CA-94103/2068567324_zpid/?mmlb=g,2"
2075613570,https://www.zillow.com/homedetails/465-10th-St-APT-206-San-Francisco-CA-94103/2075613570_zpid/,"https://www.zillow.com/homedetails/465-10th-St-APT-206-San-Francisco-CA-94103/2075613570_zpid/?mmlb=g,0","https://www.zillow.com/homedetails/465-10th-St-APT-206-San-Francisco-CA-94103/2075613570_zpid/?mmlb=g,1","https://www.zillow.com/homedetails/465-10th-St-APT-206-San-Francisco-CA-94103/2075613570_zpid/?mmlb=g,2"
2130400409,https://www.zillow.com/homedetails/1233-Howard-St-APT-716-San-Francisco-CA-94103/2130400409_zpid/,"https://www.zillow.com/homedetails/1233-Howard-St-APT-716-San-Francisco-CA-94103/2130400409_zpid/?mmlb=g,0","https://www.zillow.com/homedetails/1233-Howard-St-APT-716-San-Francisco-CA-94103/2130400409_zpid/?mmlb=g,1","https://www.zillow.com/homedetails/1233-Howard-St-APT-716-San-Francisco-CA-94103/2130400409_zpid/?mmlb=g,2"
335654551,https://www.zillow.com/homedetails/706-Mission-St-12B-San-Francisco-CA-94103/335654551_zpid/,"https://www.zillow.com/homedetails/706-Mission-St-12B-San-Francisco-CA-94103/335654551_zpid/?mmlb=g,0","https://www.zillow.com/homedetails/706-Mission-St-12B-San-Francisco-CA-94103/335654551_zpid/?mmlb=g,1","https://www.zillow.com/homedetails/706-Mission-St-12B-San-Francisco-CA-94103/335654551_zpid/?mmlb=g,2"
15143062,https://www.zillow.com/homedetails/25-Hidalgo-Ter-San-Francisco-CA-94103/15143062_zpid/,"https://www.zillow.com/homedetails/25-Hidalgo-Ter-San-Francisco-CA-94103/15143062_zpid/?mmlb=g,0","https://www.zillow.com/homedetails/25-Hidalgo-Ter-San-Francisco-CA-94103/15143062_zpid/?mmlb=g,1","https://www.zillow.com/homedetails/25-Hidalgo-Ter-San-Francisco-CA-94103/15143062_zpid/?mmlb=g,2"
2057356752,https://www.zillow.com/homedetails/Mission-Sanfrancisco-San-Francisco-CA-94103/2057356752_zpid/,"https://www.zillow.com/homedetails/Mission-Sanfrancisco-San-Francisco-CA-94103/2057356752_zpid/?mmlb=g,0","https://www.zillow.com/homedetails/Mission-Sanfrancisco-San-Francisco-CA-94103/2057356752_zpid/?mmlb=g,1","https://www.zillow.com/homedetails/Mission-Sanfrancisco-San-Francisco-CA-94103/2057356752_zpid/?mmlb=g,2"
2061480924,https://www.zillow.com/homedetails/1371-1379-Minna-St-San-Francisco-CA-94103/2061480924_zpid/,"https://www.zillow.com/homedetails/1371-1379-Minna-St-San-Francisco-CA-94103/2061480924_zpid/?mmlb=g,0","https://www.zillow.com/homedetails/1371-1379-Minna-St-San-Francisco-CA-94103/2061480924_zpid/?mmlb=g,1","https://www.zillow.com/homedetails/1371-1379-Minna-St-San-Francisco-CA-94103/2061480924_zpid/?mmlb=g,2"
335654406,https://www.zillow.com/homedetails/706-Mission-St-11C-San-Francisco-CA-94103/335654406_zpid/,"https://www.zillow.com/homedetails/706-Mission-St-11C-San-Francisco-CA-94103/335654406_zpid/?mmlb=g,0","https://www.zillow.com/homedetails/706-Mission-St-11C-San-Francisco-CA-94103/335654406_zpid/?mmlb=g,1","https://www.zillow.com/homedetails/706-Mission-St-11C-San-Francisco-CA-94103/335654406_zpid/?mmlb=g,2"
80754631,https://www.zillow.com/homedetails/2-Mint-Plz-SUITE-704-San-Francisco-CA-94103/80754631_zpid/,"https://www.zillow.com/homedetails/2-Mint-Plz-SUITE-704-San-Francisco-CA-94103/80754631_zpid/?mmlb=g,0","https://www.zillow.com/homedetails/2-Mint-Plz-SUITE-704-San-Francisco-CA-94103/80754631_zpid/?mmlb=g,1","https://www.zillow.com/homedetails/2-Mint-Plz-SUITE-704-San-Francisco-CA-94103/80754631_zpid/?mmlb=g,2"
337887918,https://www.zillow.com/homedetails/588-Minna-St-306-San-Francisco-CA-94103/337887918_zpid/,"https://www.zillow.com/homedetails/588-Minna-St-306-San-Francisco-CA-94103/337887918_zpid/?mmlb=g,0","https://www.zillow.com/homedetails/588-Minna-St-306-San-Francisco-CA-94103/337887918_zpid/?mmlb=g,1","https://www.zillow.com/homedetails/588-Minna-St-306-San-Francisco-CA-94103/337887918_zpid/?mmlb=g,2"
60146916,https://www.zillow.com/homedetails/140-S-Van-Ness-Ave-UNIT-530-San-Francisco-CA-94103/60146916_zpid/,"https://www.zillow.com/homedetails/140-S-Van-Ness-Ave-UNIT-530-San-Francisco-CA-94103/60146916_zpid/?mmlb=g,0","https://www.zillow.com/homedetails/140-S-Van-Ness-Ave-UNIT-530-San-Francisco-CA-94103/60146916_zpid/?mmlb=g,1","https://www.zillow.com/homedetails/140-S-Van-Ness-Ave-UNIT-530-San-Francisco-CA-94103/60146916_zpid/?mmlb=g,2"
59700486,https://www.zillow.com/homedetails/155-Harriet-St-SUITE-3-San-Francisco-CA-94103/59700486_zpid/,"https://www.zillow.com/homedetails/155-Harriet-St-SUITE-3-San-Francisco-CA-94103/59700486_zpid/?mmlb=g,0","https://www.zillow.com/homedetails/155-Harriet-St-SUITE-3-San-Francisco-CA-94103/59700486_zpid/?mmlb=g,1","https://www.zillow.com/homedetails/155-Harriet-St-SUITE-3-San-Francisco-CA-94103/59700486_zpid/?mmlb=g,2"
2145146712,https://www.zillow.com/homedetails/1900-Mission-St-San-Francisco-CA-94103/2145146712_zpid/,"https://www.zillow.com/homedetails/1900-Mission-St-San-Francisco-CA-94103/2145146712_zpid/?mmlb=g,0","https://www.zillow.com/homedetails/1900-Mission-St-San-Francisco-CA-94103/2145146712_zpid/?mmlb=g,1","https://www.zillow.com/homedetails/1900-Mission-St-San-Francisco-CA-94103/2145146712_zpid/?mmlb=g,2"
241586703,https://www.zillow.com/homedetails/338-Potrero-Ave-UNIT-804-San-Francisco-CA-94103/241586703_zpid/,"https://www.zillow.com/homedetails/338-Potrero-Ave-UNIT-804-San-Francisco-CA-94103/241586703_zpid/?mmlb=g,0","https://www.zillow.com/homedetails/338-Potrero-Ave-UNIT-804-San-Francisco-CA-94103/241586703_zpid/?mmlb=g,1","https://www.zillow.com/homedetails/338-Potrero-Ave-UNIT-804-San-Francisco-CA-94103/241586703_zpid/?mmlb=g,2"
64969830,https://www.zillow.com/homedetails/140-S-Van-Ness-Ave-UNIT-704-San-Francisco-CA-94103/64969830_zpid/,"https://www.zillow.com/homedetails/140-S-Van-Ness-Ave-UNIT-704-San-Francisco-CA-94103/64969830_zpid/?mmlb=g,0","https://www.zillow.com/homedetails/140-S-Van-Ness-Ave-UNIT-704-San-Francisco-CA-94103/64969830_zpid/?mmlb=g,1","https://www.zillow.com/homedetails/140-S-Van-Ness-Ave-UNIT-704-San-Francisco-CA-94103/64969830_zpid/?mmlb=g,2"
80747951,https://www.zillow.com/homedetails/49-Norfolk-St-San-Francisco-CA-94103/80747951_zpid/,"https://www.zillow.com/homedetails/49-Norfolk-St-San-Francisco-CA-94103/80747951_zpid/?mmlb=g,0","https://www.zillow.com/homedetails/49-Norfolk-St-San-Francisco-CA-94103/80747951_zpid/?mmlb=g,1","https://www.zillow.com/homedetails/49-Norfolk-St-San-Francisco-CA-94103/80747951_zpid/?mmlb=g,2"
335654459,https://www.zillow.com/homedetails/706-Mission-St-16D-San-Francisco-CA-94103/335654459_zpid/,"https://www.zillow.com/homedetails/706-Mission-St-16D-San-Francisco-CA-94103/335654459_zpid/?mmlb=g,0","https://www.zillow.com/homedetails/706-Mission-St-16D-San-Francisco-CA-94103/335654459_zpid/?mmlb=g,1","https://www.zillow.com/homedetails/706-Mission-St-16D-San-Francisco-CA-94103/335654459_zpid/?mmlb=g,2"
2061892034,https://www.zillow.com/homedetails/349-S-Van-Ness-Ave-2-4-5-San-Francisco-CA-94103/2061892034_zpid/,"https://www.zillow.com/homedetails/349-S-Van-Ness-Ave-2-4-5-San-Francisco-CA-94103/2061892034_zpid/?mmlb=g,0","https://www.zillow.com/homedetails/349-S-Van-Ness-Ave-2-4-5-San-Francisco-CA-94103/2061892034_zpid/?mmlb=g,1","https://www.zillow.com/homedetails/349-S-Van-Ness-Ave-2-4-5-San-Francisco-CA-94103/2061892034_zpid/?mmlb=g,2"
2062694967,https://www.zillow.com/homedetails/1288-Howard-St-330-San-Francisco-CA-94103/2062694967_zpid/,"https://www.zillow.com/homedetails/1288-Howard-St-330-San-Francisco-CA-94103/2062694967_zpid/?mmlb=g,0","https://www.zillow.com/homedetails/1288-Howard-St-330-San-Francisco-CA-94103/2062694967_zpid/?mmlb=g,1","https://www.zillow.com/homedetails/1288-Howard-St-330-San-Francisco-CA-94103/2062694967_zpid/?mmlb=g,2"
303806659,https://www.zillow.com/homedetails/1075-Market-St-UNIT-706-San-Francisco-CA-94103/303806659_zpid/,"https://www.zillow.com/homedetails/1075-Market-St-UNIT-706-San-Francisco-CA-94103/303806659_zpid/?mmlb=g,0","https://www.zillow.com/homedetails/1075-Market-St-UNIT-706-San-Francisco-CA-94103/303806659_zpid/?mmlb=g,1","https://www.zillow.com/homedetails/1075-Market-St-UNIT-706-San-Francisco-CA-94103/303806659_zpid/?mmlb=g,2"
2057481573,https://www.zillow.com/homedetails/8th-Sanfrancisco-San-Francisco-CA-94103/2057481573_zpid/,"https://www.zillow.com/homedetails/8th-Sanfrancisco-San-Francisco-CA-94103/2057481573_zpid/?mmlb=g,0","https://www.zillow.com/homedetails/8th-Sanfrancisco-San-Francisco-CA-94103/2057481573_zpid/?mmlb=g,1","https://www.zillow.com/homedetails/8th-Sanfrancisco-San-Francisco-CA-94103/2057481573_zpid/?mmlb=g,2"
67394837,https://www.zillow.com/homedetails/380-10th-St-UNIT-15-San-Francisco-CA-94103/67394837_zpid/,"https://www.zillow.com/homedetails/380-10th-St-UNIT-15-San-Francisco-CA-94103/67394837_zpid/?mmlb=g,0","https://www.zillow.com/homedetails/380-10th-St-UNIT-15-San-Francisco-CA-94103/67394837_zpid/?mmlb=g,1","https://www.zillow.com/homedetails/380-10th-St-UNIT-15-San-Francisco-CA-94103/67394837_zpid/?mmlb=g,2"
2057749983,https://www.zillow.com/homedetails/1288-Howard-St-UNIT-114-San-Francisco-CA-94103/2057749983_zpid/,"https://www.zillow.com/homedetails/1288-Howard-St-UNIT-114-San-Francisco-CA-94103/2057749983_zpid/?mmlb=g,0","https://www.zillow.com/homedetails/1288-Howard-St-UNIT-114-San-Francisco-CA-94103/2057749983_zpid/?mmlb=g,1","https://www.zillow.com/homedetails/1288-Howard-St-UNIT-114-San-Francisco-CA-94103/2057749983_zpid/?mmlb=g,2"
82785870,https://www.zillow.com/homedetails/1160-Mission-St-UNIT-802-San-Francisco-CA-94103/82785870_zpid/,"https://www.zillow.com/homedetails/1160-Mission-St-UNIT-802-San-Francisco-CA-94103/82785870_zpid/?mmlb=g,0","https://www.zillow.com/homedetails/1160-Mission-St-UNIT-802-San-Francisco-CA-94103/82785870_zpid/?mmlb=g,1","https://www.zillow.com/homedetails/1160-Mission-St-UNIT-802-San-Francisco-CA-94103/82785870_zpid/?mmlb=g,2"
15147361,https://www.zillow.com/homedetails/180-7th-St-208-San-Francisco-CA-94103/15147361_zpid/,"https://www.zillow.com/homedetails/180-7th-St-208-San-Francisco-CA-94103/15147361_zpid/?mmlb=g,0","https://www.zillow.com/homedetails/180-7th-St-208-San-Francisco-CA-94103/15147361_zpid/?mmlb=g,1","https://www.zillow.com/homedetails/180-7th-St-208-San-Francisco-CA-94103/15147361_zpid/?mmlb=g,2"
79847086,https://www.zillow.com/homedetails/690-Market-St-901-San-Francisco-CA-94104/79847086_zpid/,"https://www.zillow.com/homedetails/690-Market-St-901-San-Francisco-CA-94104/79847086_zpid/?mmlb=g,0","https://www.zillow.com/homedetails/690-Market-St-901-San-Francisco-CA-94104/79847086_zpid/?mmlb=g,1","https://www.zillow.com/homedetails/690-Market-St-901-San-Francisco-CA-94104/79847086_zpid/?mmlb=g,2"
89238030,https://www.zillow.com/homedetails/690-Market-St-UNIT-1102-San-Francisco-CA-94104/89238030_zpid/,"https://www.zillow.com/homedetails/690-Market-St-UNIT-1102-San-Francisco-CA-94104/89238030_zpid/?mmlb=g,0","https://www.zillow.com/homedetails/690-Market-St-UNIT-1102-San-Francisco-CA-94104/89238030_zpid/?mmlb=g,1","https://www.zillow.com/homedetails/690-Market-St-UNIT-1102-San-Francisco-CA-94104/89238030_zpid/?mmlb=g,2"
2063050085,https://www.zillow.com/community/181-fremont/2063050085_zpid/,"https://www.zillow.com/community/181-fremont/2063050085_zpid/?mmlb=g,0","https://www.zillow.com/community/181-fremont/2063050085_zpid/?mmlb=g,1","https://www.zillow.com/community/181-fremont/2063050085_zpid/?mmlb=g,2"
2067085673,https://www.zillow.com/community/181-fremont/2067085673_zpid/,"https://www.zillow.com/community/181-fremont/2067085673_zpid/?mmlb=g,0","https://www.zillow.com/community/181-fremont/2067085673_zpid/?mmlb=g,1","https://www.zillow.com/community/181-fremont/2067085673_zpid/?mmlb=g,2"
335654477,https://www.zillow.com/homedetails/280-Spear-St-23F-San-Francisco-CA-94105/335654477_zpid/,"https://www.zillow.com/homedetails/280-Spear-St-23F-San-Francisco-CA-94105/335654477_zpid/?mmlb=g,0","https://www.zillow.com/homedetails/280-Spear-St-23F-San-Francisco-CA-94105/335654477_zpid/?mmlb=g,1","https://www.zillow.com/homedetails/280-Spear-St-23F-San-Francisco-CA-94105/335654477_zpid/?mmlb=g,2"
82785963,https://www.zillow.com/homedetails/74-New-Montgomery-St-UNIT-307-San-Francisco-CA-94105/82785963_zpid/,"https://www.zillow.com/homedetails/74-New-Montgomery-St-UNIT-307-San-Francisco-CA-94105/82785963_zpid/?mmlb=g,0","https://www.zillow.com/homedetails/74-New-Montgomery-St-UNIT-307-San-Francisco-CA-94105/82785963_zpid/?mmlb=g,1","https://www.zillow.com/homedetails/74-New-Montgomery-St-UNIT-307-San-Francisco-CA-94105/82785963_zpid/?mmlb=g,2"
2067085670,https://www.zillow.com/community/181-fremont/2067085670_zpid/,"https://www.zillow.com/community/181-fremont/2067085670_zpid/?mmlb=g,0","https://www.zillow.com/community/181-fremont/2067085670_zpid/?mmlb=g,1","https://www.zillow.com/community/181-fremont/2067085670_zpid/?mmlb=g,2"
79843632,https://www.zillow.com/homedetails/501-Beale-St-UNIT-16E-San-Francisco-CA-94105/79843632_zpid/,"https://www.zillow.com/homedetails/501-Beale-St-UNIT-16E-San-Francisco-CA-94105/79843632_zpid/?mmlb=g,0","https://www.zillow.com/homedetails/501-Beale-St-UNIT-16E-San-Francisco-CA-94105/79843632_zpid/?mmlb=g,1","https://www.zillow.com/homedetails/501-Beale-St-UNIT-16E-San-Francisco-CA-94105/79843632_zpid/?mmlb=g,2"
111934403,https://www.zillow.com/homedetails/San-Francisco-CA-94105/111934403_zpid/,"https://www.zillow.com/homedetails/San-Francisco-CA-94105/111934403_zpid/?mmlb=g,0","https://www.zillow.com/homedetails/San-Francisco-CA-94105/111934403_zpid/?mmlb=g,1","https://www.zillow.com/homedetails/San-Francisco-CA-94105/111934403_zpid/?mmlb=g,2"
2067085671,https://www.zillow.com/community/181-fremont/2067085671_zpid/,"https://www.zillow.com/community/181-fremont/2067085671_zpid/?mmlb=g,0","https://www.zillow.com/community/181-fremont/2067085671_zpid/?mmlb=g,1","https://www.zillow.com/community/181-fremont/2067085671_zpid/?mmlb=g,2"
2067085672,https://www.zillow.com/community/181-fremont/2067085672_zpid/,"https://www.zillow.com/community/181-fremont/2067085672_zpid/?mmlb=g,0","https://www.zillow.com/community/181-fremont/2067085672_zpid/?mmlb=g,1","https://www.zillow.com/community/181-fremont/2067085672_zpid/?mmlb=g,2"
15148165,https://www.zillow.com/homedetails/201-Harrison-St-APT-212-San-Francisco-CA-94105/15148165_zpid/,"https://www.zillow.com/homedetails/201-Harrison-St-APT-212-San-Francisco-CA-94105/15148165_zpid/?mmlb=g,0","https://www.zillow.com/homedetails/201-Harrison-St-APT-212-San-Francisco-CA-94105/15148165_zpid/?mmlb=g,1","https://www.zillow.com/homedetails/201-Harrison-St-APT-212-San-Francisco-CA-94105/15148165_zpid/?mmlb=g,2"
15148590,https://www.zillow.com/homedetails/403-Main-St-APT-413N-San-Francisco-CA-94105/15148590_zpid/,"https://www.zillow.com/homedetails/403-Main-St-APT-413N-San-Francisco-CA-94105/15148590_zpid/?mmlb=g,0","https://www.zillow.com/homedetails/403-Main-St-APT-413N-San-Francisco-CA-94105/15148590_zpid/?mmlb=g,1","https://www.zillow.com/homedetails/403-Main-St-APT-413N-San-Francisco-CA-94105/15148590_zpid/?mmlb=g,2"
325647612,https://www.zillow.com/homedetails/488-Folsom-St-4401-San-Francisco-CA-94105/325647612_zpid/,"https://www.zillow.com/homedetails/488-Folsom-St-4401-San-Francisco-CA-94105/325647612_zpid/?mmlb=g,0","https://www.zillow.com/homedetails/488-Folsom-St-4401-San-Francisco-CA-94105/325647612_zpid/?mmlb=g,1","https://www.zillow.com/homedetails/488-Folsom-St-4401-San-Francisco-CA-94105/325647612_zpid/?mmlb=g,2"
325647575,https://www.zillow.com/homedetails/488-Folsom-St-3402-San-Francisco-CA-94105/325647575_zpid/,"https://www.zillow.com/homedetails/488-Folsom-St-3402-San-Francisco-CA-94105/325647575_zpid/?mmlb=g,0","https://www.zillow.com/homedetails/488-Folsom-St-3402-San-Francisco-CA-94105/325647575_zpid/?mmlb=g,1","https://www.zillow.com/homedetails/488-Folsom-St-3402-San-Francisco-CA-94105/325647575_zpid/?mmlb=g,2"
69819159,https://www.zillow.com/homedetails/188-Minna-St-APT-26F-San-Francisco-CA-94105/69819159_zpid/,"https://www.zillow.com/homedetails/188-Minna-St-APT-26F-San-Francisco-CA-94105/69819159_zpid/?mmlb=g,0","https://www.zillow.com/homedetails/188-Minna-St-APT-26F-San-Francisco-CA-94105/69819159_zpid/?mmlb=g,1","https://www.zillow.com/homedetails/188-Minna-St-APT-26F-San-Francisco-CA-94105/69819159_zpid/?mmlb=g,2"
2067085668,https://www.zillow.com/community/181-fremont/2067085668_zpid/,"https://www.zillow.com/community/181-fremont/2067085668_zpid/?mmlb=g,0","https://www.zillow.com/community/181-fremont/2067085668_zpid/?mmlb=g,1","https://www.zillow.com/community/181-fremont/2067085668_zpid/?mmlb=g,2"
241586324,https://www.zillow.com/homedetails/201-Folsom-St-APT-2A-San-Francisco-CA-94105/241586324_zpid/,"https://www.zillow.com/homedetails/201-Folsom-St-APT-2A-San-Francisco-CA-94105/241586324_zpid/?mmlb=g,0","https://www.zillow.com/homedetails/201-Folsom-St-APT-2A-San-Francisco-CA-94105/241586324_zpid/?mmlb=g,1","https://www.zillow.com/homedetails/201-Folsom-St-APT-2A-San-Francisco-CA-94105/241586324_zpid/?mmlb=g,2"
335654715,https://www.zillow.com/homedetails/280-Spear-St-37D-San-Francisco-CA-94105/335654715_zpid/,"https://www.zillow.com/homedetails/280-Spear-St-37D-San-Francisco-CA-94105/335654715_zpid/?mmlb=g,0","https://www.zillow.com/homedetails/280-Spear-St-37D-San-Francisco-CA-94105/335654715_zpid/?mmlb=g,1","https://www.zillow.com/homedetails/280-Spear-St-37D-San-Francisco-CA-94105/335654715_zpid/?mmlb=g,2"
2057220927,https://www.zillow.com/homedetails/1-Steuart-St-UNIT-904-San-Francisco-CA-94105/2057220927_zpid/,"https://www.zillow.com/homedetails/1-Steuart-St-UNIT-904-San-Francisco-CA-94105/2057220927_zpid/?mmlb=g,0","https://www.zillow.com/homedetails/1-Steuart-St-UNIT-904-San-Francisco-CA-94105/2057220927_zpid/?mmlb=g,1","https://www.zillow.com/homedetails/1-Steuart-St-UNIT-904-San-Francisco-CA-94105/2057220927_zpid/?mmlb=g,2"
111910164,https://www.zillow.com/homedetails/301-Mission-St-APT-18E-San-Francisco-CA-94105/111910164_zpid/,"https://www.zillow.com/homedetails/301-Mission-St-APT-18E-San-Francisco-CA-94105/111910164_zpid/?mmlb=g,0","https://www.zillow.com/homedetails/301-Mission-St-APT-18E-San-Francisco-CA-94105/111910164_zpid/?mmlb=g,1","https://www.zillow.com/homedetails/301-Mission-St-APT-18E-San-Francisco-CA-94105/111910164_zpid/?mmlb=g,2"
114316520,https://www.zillow.com/homedetails/301-Mission-St-APT-50B-San-Francisco-CA-94105/114316520_zpid/,"https://www.zillow.com/homedetails/301-Mission-St-APT-50B-San-Francisco-CA-94105/114316520_zpid/?mmlb=g,0","https://www.zillow.com/homedetails/301-Mission-St-APT-50B-San-Francisco-CA-94105/114316520_zpid/?mmlb=g,1","https://www.zillow.com/homedetails/301-Mission-St-APT-50B-San-Francisco-CA-94105/114316520_zpid/?mmlb=g,2"
111930562,https://www.zillow.com/homedetails/301-Mission-St-APT-5G-San-Francisco-CA-94105/111930562_zpid/,"https://www.zillow.com/homedetails/301-Mission-St-APT-5G-San-Francisco-CA-94105/111930562_zpid/?mmlb=g,0","https://www.zillow.com/homedetails/301-Mission-St-APT-5G-San-Francisco-CA-94105/111930562_zpid/?mmlb=g,1","https://www.zillow.com/homedetails/301-Mission-St-APT-5G-San-Francisco-CA-94105/111930562_zpid/?mmlb=g,2"
249664942,https://www.zillow.com/homedetails/181-Fremont-St-UNIT-64C-San-Francisco-CA-94105/249664942_zpid/,"https://www.zillow.com/homedetails/181-Fremont-St-UNIT-64C-San-Francisco-CA-94105/249664942_zpid/?mmlb=g,0","https://www.zillow.com/homedetails/181-Fremont-St-UNIT-64C-San-Francisco-CA-94105/249664942_zpid/?mmlb=g,1","https://www.zillow.com/homedetails/181-Fremont-St-UNIT-64C-San-Francisco-CA-94105/249664942_zpid/?mmlb=g,2"
2057334022,https://www.zillow.com/homedetails/1-Steuart-St-UNIT-606-San-Francisco-CA-94105/2057334022_zpid/,"https://www.zillow.com/homedetails/1-Steuart-St-UNIT-606-San-Francisco-CA-94105/2057334022_zpid/?mmlb=g,0","https://www.zillow.com/homedetails/1-Steuart-St-UNIT-606-San-Francisco-CA-94105/2057334022_zpid/?mmlb=g,1","https://www.zillow.com/homedetails/1-Steuart-St-UNIT-606-San-Francisco-CA-94105/2057334022_zpid/?mmlb=g,2"
15148537,https://www.zillow.com/homedetails/403-Main-St-APT-120N-San-Francisco-CA-94105/15148537_zpid/,"https://www.zillow.com/homedetails/403-Main-St-APT-120N-San-Francisco-CA-94105/15148537_zpid/?mmlb=g,0","https://www.zillow.com/homedetails/403-Main-St-APT-120N-San-Francisco-CA-94105/15148537_zpid/?mmlb=g,1","https://www.zillow.com/homedetails/403-Main-St-APT-120N-San-Francisco-CA-94105/15148537_zpid/?mmlb=g,2"
114317207,https://www.zillow.com/homedetails/301-Mission-St-APT-27B-San-Francisco-CA-94105/114317207_zpid/,"https://www.zillow.com/homedetails/301-Mission-St-APT-27B-San-Francisco-CA-94105/114317207_zpid/?mmlb=g,0","https://www.zillow.com/homedetails/301-Mission-St-APT-27B-San-Francisco-CA-94105/114317207_zpid/?mmlb=g,1","https://www.zillow.com/homedetails/301-Mission-St-APT-27B-San-Francisco-CA-94105/114317207_zpid/?mmlb=g,2"
2126587308,https://www.zillow.com/homedetails/355-1st-St-UNIT-505-San-Francisco-CA-94105/2126587308_zpid/,"https://www.zillow.com/homedetails/355-1st-St-UNIT-505-San-Francisco-CA-94105/2126587308_zpid/?mmlb=g,0","https://www.zillow.com/homedetails/355-1st-St-UNIT-505-San-Francisco-CA-94105/2126587308_zpid/?mmlb=g,1","https://www.zillow.com/homedetails/355-1st-St-UNIT-505-San-Francisco-CA-94105/2126587308_zpid/?mmlb=g,2"
335654378,https://www.zillow.com/homedetails/280-Spear-St-21D-San-Francisco-CA-94105/335654378_zpid/,"https://www.zillow.com/homedetails/280-Spear-St-21D-San-Francisco-CA-94105/335654378_zpid/?mmlb=g,0","https://www.zillow.com/homedetails/280-Spear-St-21D-San-Francisco-CA-94105/335654378_zpid/?mmlb=g,1","https://www.zillow.com/homedetails/280-Spear-St-21D-San-Francisco-CA-94105/335654378_zpid/?mmlb=g,2"
249698546,https://www.zillow.com/homedetails/401-Harrison-St-APT-26B-San-Francisco-CA-94105/249698546_zpid/,"https://www.zillow.com/homedetails/401-Harrison-St-APT-26B-San-Francisco-CA-94105/249698546_zpid/?mmlb=g,0","https://www.zillow.com/homedetails/401-Harrison-St-APT-26B-San-Francisco-CA-94105/249698546_zpid/?mmlb=g,1","https://www.zillow.com/homedetails/401-Harrison-St-APT-26B-San-Francisco-CA-94105/249698546_zpid/?mmlb=g,2"
335654240,https://www.zillow.com/homedetails/280-Spear-St-29C-San-Francisco-CA-94105/335654240_zpid/,"https://www.zillow.com/homedetails/280-Spear-St-29C-San-Francisco-CA-94105/335654240_zpid/?mmlb=g,0","https://www.zillow.com/homedetails/280-Spear-St-29C-San-Francisco-CA-94105/335654240_zpid/?mmlb=g,1","https://www.zillow.com/homedetails/280-Spear-St-29C-San-Francisco-CA-94105/335654240_zpid/?mmlb=g,2"
2057478127,https://www.zillow.com/homedetails/1-Steuart-St-UNIT-308-San-Francisco-CA-94105/2057478127_zpid/,"https://www.zillow.com/homedetails/1-Steuart-St-UNIT-308-San-Francisco-CA-94105/2057478127_zpid/?mmlb=g,0","https://www.zillow.com/homedetails/1-Steuart-St-UNIT-308-San-Francisco-CA-94105/2057478127_zpid/?mmlb=g,1","https://www.zillow.com/homedetails/1-Steuart-St-UNIT-308-San-Francisco-CA-94105/2057478127_zpid/?mmlb=g,2"
335654757,https://www.zillow.com/homedetails/280-Spear-St-25G-San-Francisco-CA-94105/335654757_zpid/,"https://www.zillow.com/homedetails/280-Spear-St-25G-San-Francisco-CA-94105/335654757_zpid/?mmlb=g,0","https://www.zillow.com/homedetails/280-Spear-St-25G-San-Francisco-CA-94105/335654757_zpid/?mmlb=g,1","https://www.zillow.com/homedetails/280-Spear-St-25G-San-Francisco-CA-94105/335654757_zpid/?mmlb=g,2"
114317296,https://www.zillow.com/homedetails/301-Mission-St-APT-54C-San-Francisco-CA-94105/114317296_zpid/,"https://www.zillow.com/homedetails/301-Mission-St-APT-54C-San-Francisco-CA-94105/114317296_zpid/?mmlb=g,0","https://www.zillow.com/homedetails/301-Mission-St-APT-54C-San-Francisco-CA-94105/114317296_zpid/?mmlb=g,1","https://www.zillow.com/homedetails/301-Mission-St-APT-54C-San-Francisco-CA-94105/114317296_zpid/?mmlb=g,2"
15148533,https://www.zillow.com/homedetails/403-Main-St-APT-116N-San-Francisco-CA-94105/15148533_zpid/,"https://www.zillow.com/homedetails/403-Main-St-APT-116N-San-Francisco-CA-94105/15148533_zpid/?mmlb=g,0","https://www.zillow.com/homedetails/403-Main-St-APT-116N-San-Francisco-CA-94105/15148533_zpid/?mmlb=g,1","https://www.zillow.com/homedetails/403-Main-St-APT-116N-San-Francisco-CA-94105/15148533_zpid/?mmlb=g,2"
15148627,https://www.zillow.com/homedetails/403-Main-St-APT-610N-San-Francisco-CA-94105/15148627_zpid/,"https://www.zillow.com/homedetails/403-Main-St-APT-610N-San-Francisco-CA-94105/15148627_zpid/?mmlb=g,0","https://www.zillow.com/homedetails/403-Main-St-APT-610N-San-Francisco-CA-94105/15148627_zpid/?mmlb=g,1","https://www.zillow.com/homedetails/403-Main-St-APT-610N-San-Francisco-CA-94105/15148627_zpid/?mmlb=g,2"
2057582177,https://www.zillow.com/homedetails/1-Steuart-St-UNIT-1603-San-Francisco-CA-94105/2057582177_zpid/,"https://www.zillow.com/homedetails/1-Steuart-St-UNIT-1603-San-Francisco-CA-94105/2057582177_zpid/?mmlb=g,0","https://www.zillow.com/homedetails/1-Steuart-St-UNIT-1603-San-Francisco-CA-94105/2057582177_zpid/?mmlb=g,1","https://www.zillow.com/homedetails/1-Steuart-St-UNIT-1603-San-Francisco-CA-94105/2057582177_zpid/?mmlb=g,2"
249664541,https://www.zillow.com/homedetails/201-Folsom-St-UNIT-36C-San-Francisco-CA-94105/249664541_zpid/,"https://www.zillow.com/homedetails/201-Folsom-St-UNIT-36C-San-Francisco-CA-94105/249664541_zpid/?mmlb=g,0","https://www.zillow.com/homedetails/201-Folsom-St-UNIT-36C-San-Francisco-CA-94105/249664541_zpid/?mmlb=g,1","https://www.zillow.com/homedetails/201-Folsom-St-UNIT-36C-San-Francisco-CA-94105/249664541_zpid/?mmlb=g,2"
335654575,https://www.zillow.com/homedetails/280-Spear-St-30B-San-Francisco-CA-94105/335654575_zpid/,"https://www.zillow.com/homedetails/280-Spear-St-30B-San-Francisco-CA-94105/335654575_zpid/?mmlb=g,0","https://www.zillow.com/homedetails/280-Spear-St-30B-San-Francisco-CA-94105/335654575_zpid/?mmlb=g,1","https://www.zillow.com/homedetails/280-Spear-St-30B-San-Francisco-CA-94105/335654575_zpid/?mmlb=g,2"
2075613395,https://www.zillow.com/homedetails/201-Folsom-St-APT-33B-San-Francisco-CA-94105/2075613395_zpid/,"https://www.zillow.com/homedetails/201-Folsom-St-APT-33B-San-Francisco-CA-94105/2075613395_zpid/?mmlb=g,0","https://www.zillow.com/homedetails/201-Folsom-St-APT-33B-San-Francisco-CA-94105/2075613395_zpid/?mmlb=g,1","https://www.zillow.com/homedetails/201-Folsom-St-APT-33B-San-Francisco-CA-94105/2075613395_zpid/?mmlb=g,2"
111710966,https://www.zillow.com/homedetails/301-Mission-St-APT-22C-San-Francisco-CA-94105/111710966_zpid/,"https://www.zillow.com/homedetails/301-Mission-St-APT-22C-San-Francisco-CA-94105/111710966_zpid/?mmlb=g,0","https://www.zillow.com/homedetails/301-Mission-St-APT-22C-San-Francisco-CA-94105/111710966_zpid/?mmlb=g,1","https://www.zillow.com/homedetails/301-Mission-St-APT-22C-San-Francisco-CA-94105/111710966_zpid/?mmlb=g,2"
15148637,https://www.zillow.com/homedetails/403-Main-St-APT-620N-San-Francisco-CA-94105/15148637_zpid/,"https://www.zillow.com/homedetails/403-Main-St-APT-620N-San-Francisco-CA-94105/15148637_zpid/?mmlb=g,0","https://www.zillow.com/homedetails/403-Main-St-APT-620N-San-Francisco-CA-94105/15148637_zpid/?mmlb=g,1","https://www.zillow.com/homedetails/403-Main-St-APT-620N-San-Francisco-CA-94105/15148637_zpid/?mmlb=g,2"
2095993637,https://www.zillow.com/homedetails/301-Mission-St-APT-GPHA-San-Francisco-CA-94105/2095993637_zpid/,"https://www.zillow.com/homedetails/301-Mission-St-APT-GPHA-San-Francisco-CA-94105/2095993637_zpid/?mmlb=g,0","https://www.zillow.com/homedetails/301-Mission-St-APT-GPHA-San-Francisco-CA-94105/2095993637_zpid/?mmlb=g,1","https://www.zillow.com/homedetails/301-Mission-St-APT-GPHA-San-Francisco-CA-94105/2095993637_zpid/?mmlb=g,2"
337887487,https://www.zillow.com/homedetails/875-California-St-307-San-Francisco-CA-94108/337887487_zpid/,"https://www.zillow.com/homedetails/875-California-St-307-San-Francisco-CA-94108/337887487_zpid/?mmlb=g,0","https://www.zillow.com/homedetails/875-California-St-307-San-Francisco-CA-94108/337887487_zpid/?mmlb=g,1","https://www.zillow.com/homedetails/875-California-St-307-San-Francisco-CA-94108/337887487_zpid/?mmlb=g,2"
15068048,https://www.zillow.com/homedetails/1170-Sacramento-St-APT-11C-San-Francisco-CA-94108/15068048_zpid/,"https://www.zillow.com/homedetails/1170-Sacramento-St-APT-11C-San-Francisco-CA-94108/15068048_zpid/?mmlb=g,0","https://www.zillow.com/homedetails/1170-Sacramento-St-APT-11C-San-Francisco-CA-94108/15068048_zpid/?mmlb=g,1","https://www.zillow.com/homedetails/1170-Sacramento-St-APT-11C-San-Francisco-CA-94108/15068048_zpid/?mmlb=g,2"
15067596,https://www.zillow.com/homedetails/946-Stockton-St-APT-8C-San-Francisco-CA-94108/15067596_zpid/,"https://www.zillow.com/homedetails/946-Stockton-St-APT-8C-San-Francisco-CA-94108/15067596_zpid/?mmlb=g,0","https://www.zillow.com/homedetails/946-Stockton-St-APT-8C-San-Francisco-CA-94108/15067596_zpid/?mmlb=g,1","https://www.zillow.com/homedetails/946-Stockton-St-APT-8C-San-Francisco-CA-94108/15067596_zpid/?mmlb=g,2"
15068634,https://www.zillow.com/homedetails/930-Pine-St-APT-104-San-Francisco-CA-94108/15068634_zpid/,"https://www.zillow.com/homedetails/930-Pine-St-APT-104-San-Francisco-CA-94108/15068634_zpid/?mmlb=g,0","https://www.zillow.com/homedetails/930-Pine-St-APT-104-San-Francisco-CA-94108/15068634_zpid/?mmlb=g,1","https://www.zillow.com/homedetails/930-Pine-St-APT-104-San-Francisco-CA-94108/15068634_zpid/?mmlb=g,2"
337887490,https://www.zillow.com/homedetails/875-California-St-403-San-Francisco-CA-94108/337887490_zpid/,"https://www.zillow.com/homedetails/875-California-St-403-San-Francisco-CA-94108/337887490_zpid/?mmlb=g,0","https://www.zillow.com/homedetails/875-California-St-403-San-Francisco-CA-94108/337887490_zpid/?mmlb=g,1","https://www.zillow.com/homedetails/875-California-St-403-San-Francisco-CA-94108/337887490_zpid/?mmlb=g,2"
15068212,https://www.zillow.com/homedetails/850-Powell-St-APT-502-San-Francisco-CA-94108/15068212_zpid/,"https://www.zillow.com/homedetails/850-Powell-St-APT-502-San-Francisco-CA-94108/15068212_zpid/?mmlb=g,0","https://www.zillow.com/homedetails/850-Powell-St-APT-502-San-Francisco-CA-94108/15068212_zpid/?mmlb=g,1","https://www.zillow.com/homedetails/850-Powell-St-APT-502-San-Francisco-CA-94108/15068212_zpid/?mmlb=g,2"
337887492,https://www.zillow.com/homedetails/875-California-St-405-San-Francisco-CA-94108/337887492_zpid/,"https://www.zillow.com/homedetails/875-California-St-405-San-Francisco-CA-94108/337887492_zpid/?mmlb=g,0","https://www.zillow.com/homedetails/875-California-St-405-San-Francisco-CA-94108/337887492_zpid/?mmlb=g,1","https://www.zillow.com/homedetails/875-California-St-405-San-Francisco-CA-94108/337887492_zpid/?mmlb=g,2"
2060461492,https://www.zillow.com/homedetails/840-Powell-St-301-San-Francisco-CA-94108/2060461492_zpid/,"https://www.zillow.com/homedetails/840-Powell-St-301-San-Francisco-CA-94108/2060461492_zpid/?mmlb=g,0","https://www.zillow.com/homedetails/840-Powell-St-301-San-Francisco-CA-94108/2060461492_zpid/?mmlb=g,1","https://www.zillow.com/homedetails/840-Powell-St-301-San-Francisco-CA-94108/2060461492_zpid/?mmlb=g,2"
15068541,https://www.zillow.com/homedetails/1177-California-St-APT-622-San-Francisco-CA-94108/15068541_zpid/,"https://www.zillow.com/homedetails/1177-California-St-APT-622-San-Francisco-CA-94108/15068541_zpid/?mmlb=g,0","https://www.zillow.com/homedetails/1177-California-St-APT-622-San-Francisco-CA-94108/15068541_zpid/?mmlb=g,1","https://www.zillow.com/homedetails/1177-California-St-APT-622-San-Francisco-CA-94108/15068541_zpid/?mmlb=g,2"
15068161,https://www.zillow.com/homedetails/30-Miller-Pl-APT-8-San-Francisco-CA-94108/15068161_zpid/,"https://www.zillow.com/homedetails/30-Miller-Pl-APT-8-San-Francisco-CA-94108/15068161_zpid/?mmlb=g,0","https://www.zillow.com/homedetails/30-Miller-Pl-APT-8-San-Francisco-CA-94108/15068161_zpid/?mmlb=g,1","https://www.zillow.com/homedetails/30-Miller-Pl-APT-8-San-Francisco-CA-94108/15068161_zpid/?mmlb=g,2"
15068387,https://www.zillow.com/homedetails/1177-California-St-APT-1602-San-Francisco-CA-94108/15068387_zpid/,"https://www.zillow.com/homedetails/1177-California-St-APT-1602-San-Francisco-CA-94108/15068387_zpid/?mmlb=g,0","https://www.zillow.com/homedetails/1177-California-St-APT-1602-San-Francisco-CA-94108/15068387_zpid/?mmlb=g,1","https://www.zillow.com/homedetails/1177-California-St-APT-1602-San-Francisco-CA-94108/15068387_zpid/?mmlb=g,2"
241585503,https://www.zillow.com/homedetails/1310-Taylor-St-San-Francisco-CA-94108/241585503_zpid/,"https://www.zillow.com/homedetails/1310-Taylor-St-San-Francisco-CA-94108/241585503_zpid/?mmlb=g,0","https://www.zillow.com/homedetails/1310-Taylor-St-San-Francisco-CA-94108/241585503_zpid/?mmlb=g,1","https://www.zillow.com/homedetails/1310-Taylor-St-San-Francisco-CA-94108/241585503_zpid/?mmlb=g,2"
2079047799,https://www.zillow.com/homedetails/1100-Sacramento-St-1002-San-Francisco-CA-94108/2079047799_zpid/,"https://www.zillow.com/homedetails/1100-Sacramento-St-1002-San-Francisco-CA-94108/2079047799_zpid/?mmlb=g,0","https://www.zillow.com/homedetails/1100-Sacramento-St-1002-San-Francisco-CA-94108/2079047799_zpid/?mmlb=g,1","https://www.zillow.com/homedetails/1100-Sacramento-St-1002-San-Francisco-CA-94108/2079047799_zpid/?mmlb=g,2"